word,count
SONA,14
COVID19,9
9अगस्तविश्वआदिवासीदिवस,5
\ジェジュンの優しく、深い歌声がしみわたる/,4
SONA2020,4
2日間のみのプレミアムライヴを映像とCDでお楽しみいただける豪華盤,3
2020,2
,2
【ジェジュン】,2
RTPCR,2
TAG,2
UPDATE,2
ANCALERTS:,2
SONACA,2
SONACSO,2
MAG,1
INYO,1
YAN,1
MANY,1
ALLENCOMPASSING,1
YESTERDAYS,1
HOWEVER,1
CLEAR,1
GOVERNMENTS,1
PANDEMIC,1
KATRINADOMINGO,1
ABSOLUTALBERT:,1
ISNT,1
SURVIVOR,1
REAPERSZN,1
SOOOO,1
HTTPS://TCO/TM83UYRE5E,1
ANAKBAYANUST:,1
ANAKBAYANUST,1
DUTERTES,1
WAKASONA2020,1
…,1
PROINDIAN3,1
KHARAASONA,1
INDIANPANDAA,1
THEEXWHOGOTHOT,1
BRAHMAANDKIMAA,1
CAUSTICKANYA,1
ITSYABOIRAFF:,1
HTTPS://TCO/NQ0ZQWKJ2D,1
ROHITME,1
🙂,1
KAHAANHUMKAHAANTUM,1
RONAKSHI,1
KARPIKA,1
KARANVGROVER,1
DIPIKAKAKAR,1
HTTPS://TCO/AQRFUUJS0I,1
GIGIESGUERRA:,1
TEST,1
PRES,1
DUTERTE,1
HTTPS://TCO/YVEOXWQ0GT,1
CNNPHILIPPINES:,1
PUNISHMENT,1
INJECTION,1
NEKOSONA,1
HTTPS://TCO/HKJZWDY1X5,1
HMVKAWASAKI:,1
【ジェジュン】大ヒットしたカバーアルバムの第2弾「LOVE,1
II」入荷しました✨CDの2形態には先着ご購入特典で「アナザージャケット（HMV絵柄）」をお付けしています🌹プレミアムライブを収録した映像作品「JJUN,1
HANSSENSANTHONY:,1
HTTPS://TCO/X0AW68YUY5,1
TODAY,1
ITS,1
LIMITS,1
RESPONSE,1
ACT,1
PRESIDENT,1
TOWERNAMBA:,1
PERSONA,1
MESSAGE,1
RIAATAYDE,1
HTTPS://TCO/WTFCJZZE1L,1
ITSJAYEMD:,1
PANDEMYA,1
PA,1
NYO,1
OPPORTUNITIES,1
PROJECT,1
FIRST,1
YEAR,1
SHUJOPRIME:,1
『週刊女性』8/4/11合併号が好評発売中！,1
ジェジュン,1
ソウルでの独占インタビュー＆美麗写真をお見逃しなく,1
三浦春馬,1
さんが本誌に見せてくれた素顔の数々をグラビアで振り返ります。毎年恒例「好きなジャニーズ,1
嫌いなジャ…,1
BENOKCASTILLO:,1
NANAY,1
DRAWZSONA,1
B,1
CLARITY,1
AMP;,1
TO,1
REP,1
SARAHELAGO,1
KABATAANPL,1
SONAGKAISA,1
HTTPS://TCO/SJCNU8QTUO,1
JEEVANPARIHAR15:,1
RT,1
BHAGVATEEBHEEL,1
ROSHNIDAMOR5,1
TRIBALSONA,1
BHEELNANDU,1
VIJESHBHEEL,1
BTPRA…,1
NOMASKERS,1
EVERYONE,1
RAPPLERDOTCOM:,1
THE,1
ABSCBN,1
KAISIPANGABITAN:,1
DIR,1
BERNAL,1
HTTPS://TCO/DX9OESFBW2,1
VERIVERYASC,1
HI,1
YOURSELVES,1
VERIVERY,1
FIGHTING,1
KBROSAS:,1
DELZOLLL:,1
BRATBIUSH,1
S,1
HARLEY,1
HTTPS://TCO/4MH3XW4KNC,1
CHARLISCTEX:,1
HTTPS://TCO/Q9EER67BIZ,1
ABSCBNNEWS,1
CHAIHARVEST,1
YO,1
IVE,1
AND,1
FOR,1
LATELY,1
SOON,1
HTTPS://TCO/M2BDQVKQRT,1
MARIARESSA:,1
HTTPS://TCO/PVUEZOILCJ,1
INQUIRERDOTNET:,1
DILIMAN,1
MONDAY,1
27,1
MARACEPEDA,1
HTTPS://TCO/CSIWT3LZ3O,1
HASHTAGNIKKO13:,1
ITSACSLIFE:,1
YEARS,1
WONT,1
JADINETRASH:,1
TIME,1
THOUGHTS,1
STYLE,1
YOU,1
NADINE,1
POSTSONA,1
LEAMAINE2019:,1
THERE,1
MAINEDCM,1
ILL,1
PRRDS,1
HTTPS://TCO/YDT5A7F6KI,1
THISISOURMINDANAO,1
PLARIDELDLSU:,1
SONA2…,1
MIKEDEFENSOR:,1
ZOOM,1
MACOYDUBS1:,1
NAPAKAPETTY,1
AVANCE…,1
AVCIMUCAHIT:,1
ERBAŞ,1
OLMALI,1
657YE,1
USAPINGLACSON:,1
UPSYSTEM,1
CHRGOVPH,1
KILOSPROTESTA,1
SONAGKAISA2020,1
SONATOTOO,1
PROGRAM,1
650000,1
SECTOR,1
110000,1
ABROAD,1
83000,1
OFWS,1
NILOCKDOWN,1
PALASYO,1
NITO,1
ARAW,1
HTTPS://TCO/FJLTIQIW82,1
VALIMAI,1
THALAAJITH,1
AJITHKUMAR,1
HTTPS://TCO/HQ14YGO6LU,1
PARLADEJR:,1
SONATHE,1
WPS,1
DONT,1
PRRDMY,1
WATCHMEJAYJAY:,1
MAGALALA,1
GMANEWS:,1
WAR,1
HTTPS://TCO/NIEAEXKBCU,1
CONGRESS,1
LAW,1
COUNCIL,1
NONSENSE,1
ATIN”,1
PRESIDENTS,1
AKO,1
INSURED,1
HTTPS://TCO/LAIUKKFKXJ,1
SB19TRENDSPH:,1
AFTERNOON,1
SERAHPHYMN,1
PREENPH:,1
ART,1
YES,1
PLEASE,1
HTTPS://TCO/RXPLFCA9DA,1
BOYMEJO:,1
FRANKLINDRILON,1
HTTPS://TCO/7ACRWA6X6Q,1
SB19NIZED:,1
DECANSASOÑA,1
MUCHO,1
HEROANGEL17:,1
DRILON,1
NOTHING…,1
ATTENTIVELY,1
THIS,1
TRUE,1
HTTPS://TCO/PFOUCUWXIA,1
MARVSMODEL,1
VICE,1
SIYA,1
AADYAMISHRAA,1
HITESHM09,1
EXPLORERHOON,1
CHANDRAGUPT7,1
ZEROHUMOUR,1
ARYAEDDARDSTARK,1
MANISSSH,1
NICEGIRL09,1
VISHALSAINIVS,1
LADYWITHFLAWS,1
SAGARCASM,1
VADERAKASH,1
LOYALSACHINFAN,1
OLDSCHOOLMONK,1
TREELOCHAN,1
SINGHLICIOUS,1
NISHACHARR,1
PUBGKADEEWANA,1
ROOOOSSSHHIIIII,1
FAHMIRAZA1RAZA,1
AJMALJAMI,1
KBHI,1
IAMKARENDAVILA:,1
OKAY,1
CONSCIOUSNESS,1
PRESIDENCY,1
CRISIS,1
HTTPS://TCO/6F8GGFL7GU,1
QUARKHENARES:,1
WHY,1
MICHELLEMMANESE:,1
CIRE41:,1
WOKES,1
NAINSPIRE,1
IBOYCOTT,1
PAKIKINIG,1
ANYARE,1
JETHROGAMEZ:,1
TRENDS,1
TWITTER,1
ESPECIALLY,1
ALTABSCBN:,1
EH,1
ULIT,1
35,1
KAPILKOLOTYA,1
DUGA,1
DEDO,1
JOSEPHMORONG:,1
TADAH,1
GMANEWS,1
HTTPS://TCO/BC4VFGYRPQ,1
WORKER,1
ANTISONA,1
DUMALO,1
USUALLY,1
EXCUSES:,1
HTTPS://TCO/ULILMRYGV4,1
DAILYGUARDIANPH:,1
THALAAJITHFC,1
MATOM,1
1969ENIGMA:,1
SONANANOTECH,1
HTTPS://TCO/GNUEG7G1LG,1
ツアー映像『JJUN,1
